Timestamp;Satellite;Availability;BER;Cost;Latency;Throughput;Weighted Availability;Weighted BER;Weighted Cost;Weighted Latency;Weighted Throughput;Total Weighted Sum
0;Sat 1;NA;NA;NA;NA;NA;NA;NA;NA;NA;NA;0
0;Sat 2;NA;NA;NA;NA;NA;NA;NA;NA;NA;NA;0
0;Sat 3;NA;NA;NA;NA;NA;NA;NA;NA;NA;NA;0
0;Sat 4;NA;NA;NA;NA;NA;NA;NA;NA;NA;NA;0
0;Sat 5;NA;NA;NA;NA;NA;NA;NA;NA;NA;NA;0
0;Sat 6;NA;NA;NA;NA;NA;NA;NA;NA;NA;NA;0
0;Sat 7;NA;NA;NA;NA;NA;NA;NA;NA;NA;NA;0
0;Sat 8;NA;NA;NA;NA;NA;NA;NA;NA;NA;NA;0
Weights;;0.2;0;0.2;0.2;0.4;;;;;;
1;Sat 1;NA;NA;NA;NA;NA;NA;NA;NA;NA;NA;0
1;Sat 2;NA;NA;NA;NA;NA;NA;NA;NA;NA;NA;0
1;Sat 3;0.6923076923076923;0.13846153846153847;1.0;0.0;0.9836033324480903;0.19672066648961806;1.0;0.2;0.0;0.0;0.5351822049511565
1;Sat 4;NA;NA;NA;NA;NA;NA;NA;NA;NA;NA;0
1;Sat 5;NA;NA;NA;NA;NA;NA;NA;NA;NA;NA;0
1;Sat 6;NA;NA;NA;NA;NA;NA;NA;NA;NA;NA;0
1;Sat 7;NA;NA;NA;NA;NA;NA;NA;NA;NA;NA;0
1;Sat 8;0.0;0.0;1.0;0.0;0.9836033324480903;0.19672066648961806;1.0;0.2;NA;NA;0.39672066648961807
Weights;;0.2;0;0.2;0.2;0.4;;;;;;
2;Sat 1;NA;NA;NA;NA;NA;NA;NA;NA;NA;NA;0
2;Sat 2;NA;NA;NA;NA;NA;NA;NA;NA;NA;NA;0
2;Sat 3;0.6153846153846154;0.12307692307692308;1.0;0.0;0.9836033324480903;0.19672066648961806;0.9771998316354569;0.19543996632709137;0.4444444444444444;0.17777777777777778;0.6930153336714103
2;Sat 4;NA;NA;NA;NA;NA;NA;NA;NA;NA;NA;0
2;Sat 5;NA;NA;NA;NA;NA;NA;NA;NA;NA;NA;0
2;Sat 6;NA;NA;NA;NA;NA;NA;NA;NA;NA;NA;0
2;Sat 7;NA;NA;NA;NA;NA;NA;NA;NA;NA;NA;0
2;Sat 8;NA;NA;NA;NA;NA;NA;NA;NA;NA;NA;0
Weights;;0.2;0;0.2;0.2;0.4;;;;;;
3;Sat 1;NA;NA;NA;NA;NA;NA;NA;NA;NA;NA;0
3;Sat 2;NA;NA;NA;NA;NA;NA;NA;NA;NA;NA;0
3;Sat 3;0.5384615384615384;0.1076923076923077;1.0;0.0;0.9836033324480903;0.19672066648961806;0.8955491044650363;0.17910982089300728;0.3333333333333333;0.13333333333333333;0.6168561284082663
3;Sat 4;NA;NA;NA;NA;NA;NA;NA;NA;NA;NA;0
3;Sat 5;NA;NA;NA;NA;NA;NA;NA;NA;NA;NA;0
3;Sat 6;NA;NA;NA;NA;NA;NA;NA;NA;NA;NA;0
3;Sat 7;NA;NA;NA;NA;NA;NA;NA;NA;NA;NA;0
3;Sat 8;NA;NA;NA;NA;NA;NA;NA;NA;NA;NA;0
Weights;;0.2;0;0.2;0.2;0.4;;;;;;
4;Sat 1;NA;NA;NA;NA;NA;NA;NA;NA;NA;NA;0
4;Sat 2;NA;NA;NA;NA;NA;NA;NA;NA;NA;NA;0
4;Sat 3;0.46153846153846156;0.09230769230769231;1.0;0.0;0.9836033324480903;0.19672066648961806;0.7923617167055603;0.15847234334111207;0.2222222222222222;0.08888888888888889;0.5363895910273113
4;Sat 4;NA;NA;NA;NA;NA;NA;NA;NA;NA;NA;0
4;Sat 5;NA;NA;NA;NA;NA;NA;NA;NA;NA;NA;0
4;Sat 6;NA;NA;NA;NA;NA;NA;NA;NA;NA;NA;0
4;Sat 7;NA;NA;NA;NA;NA;NA;NA;NA;NA;NA;0
4;Sat 8;NA;NA;NA;NA;NA;NA;NA;NA;NA;NA;0
Weights;;0.2;0;0.2;0.2;0.4;;;;;;
5;Sat 1;NA;NA;NA;NA;NA;NA;NA;NA;NA;NA;0
5;Sat 2;NA;NA;NA;NA;NA;NA;NA;NA;NA;NA;0
5;Sat 3;0.38461538461538464;0.07692307692307693;1.0;0.0;0.9836033324480903;0.19672066648961806;0.6926788570382902;0.13853577140765805;0.1111111111111111;0.044444444444444446;0.4566239592647975
5;Sat 4;NA;NA;NA;NA;NA;NA;NA;NA;NA;NA;0
5;Sat 5;NA;NA;NA;NA;NA;NA;NA;NA;NA;NA;0
5;Sat 6;NA;NA;NA;NA;NA;NA;NA;NA;NA;NA;0
5;Sat 7;NA;NA;NA;NA;NA;NA;NA;NA;NA;NA;0
5;Sat 8;NA;NA;NA;NA;NA;NA;NA;NA;NA;NA;0
Weights;;0.2;0;0.2;0.2;0.4;;;;;;
6;Sat 1;NA;NA;NA;NA;NA;NA;NA;NA;NA;NA;0
6;Sat 2;NA;NA;NA;NA;NA;NA;NA;NA;NA;NA;0
6;Sat 3;0.3076923076923077;0.06153846153846154;1.0;0.0;0.9836033324480903;0.19672066648961806;0.6065919122759648;0.12131838245519296;0.1111111111111111;0.044444444444444446;0.424021954927717
6;Sat 4;NA;NA;NA;NA;NA;NA;NA;NA;NA;NA;0
6;Sat 5;NA;NA;NA;NA;NA;NA;NA;NA;NA;NA;0
6;Sat 6;NA;NA;NA;NA;NA;NA;NA;NA;NA;NA;0
6;Sat 7;NA;NA;NA;NA;NA;NA;NA;NA;NA;NA;0
6;Sat 8;NA;NA;NA;NA;NA;NA;NA;NA;NA;NA;0
Weights;;0.2;0;0.2;0.2;0.4;;;;;;
7;Sat 1;NA;NA;NA;NA;NA;NA;NA;NA;NA;NA;0
7;Sat 2;NA;NA;NA;NA;NA;NA;NA;NA;NA;NA;0
7;Sat 3;0.23076923076923078;0.046153846153846156;1.0;0.0;0.9836033324480903;0.19672066648961806;0.5350667465852539;0.10701334931705078;0.0;0.0;0.349887861960515
7;Sat 4;NA;NA;NA;NA;NA;NA;NA;NA;NA;NA;0
7;Sat 5;NA;NA;NA;NA;NA;NA;NA;NA;NA;NA;0
7;Sat 6;NA;NA;NA;NA;NA;NA;NA;NA;NA;NA;0
7;Sat 7;NA;NA;NA;NA;NA;NA;NA;NA;NA;NA;0
7;Sat 8;NA;NA;NA;NA;NA;NA;NA;NA;NA;NA;0
Weights;;0.2;0;0.2;0.2;0.4;;;;;;
8;Sat 1;NA;NA;NA;NA;NA;NA;NA;NA;NA;NA;0
8;Sat 2;NA;NA;NA;NA;NA;NA;NA;NA;NA;NA;0
8;Sat 3;0.15384615384615385;0.03076923076923077;1.0;0.0;0.9836033324480903;0.19672066648961806;0.4764164663412848;0.09528329326825696;0.0;0.0;0.3227731905271058
8;Sat 4;NA;NA;NA;NA;NA;NA;NA;NA;NA;NA;0
8;Sat 5;NA;NA;NA;NA;NA;NA;NA;NA;NA;NA;0
8;Sat 6;NA;NA;NA;NA;NA;NA;NA;NA;NA;NA;0
8;Sat 7;NA;NA;NA;NA;NA;NA;NA;NA;NA;NA;0
8;Sat 8;NA;NA;NA;NA;NA;NA;NA;NA;NA;NA;0
Weights;;0.2;0;0.2;0.2;0.4;;;;;;
9;Sat 1;NA;NA;NA;NA;NA;NA;NA;NA;NA;NA;0
9;Sat 2;NA;NA;NA;NA;NA;NA;NA;NA;NA;NA;0
9;Sat 3;0.07692307692307693;0.015384615384615385;1.0;0.0;0.9836033324480903;0.19672066648961806;0.4281793851772491;0.08563587703544984;0.0;0.0;0.2977411589096833
9;Sat 4;NA;NA;NA;NA;NA;NA;NA;NA;NA;NA;0
9;Sat 5;NA;NA;NA;NA;NA;NA;NA;NA;NA;NA;0
9;Sat 6;NA;NA;NA;NA;NA;NA;NA;NA;NA;NA;0
9;Sat 7;NA;NA;NA;NA;NA;NA;NA;NA;NA;NA;0
9;Sat 8;NA;NA;NA;NA;NA;NA;NA;NA;NA;NA;0
Weights;;0.2;0;0.2;0.2;0.4;;;;;;
10;Sat 1;NA;NA;NA;NA;NA;NA;NA;NA;NA;NA;0
10;Sat 2;NA;NA;NA;NA;NA;NA;NA;NA;NA;NA;0
10;Sat 3;0.0;0.0;1.0;0.0;0.9836033324480903;0.19672066648961806;0.38816815356767026;0.07763363071353406;0.0;0.0;0.27435429720315213
10;Sat 4;NA;NA;NA;NA;NA;NA;NA;NA;NA;NA;0
10;Sat 5;NA;NA;NA;NA;NA;NA;NA;NA;NA;NA;0
10;Sat 6;NA;NA;NA;NA;NA;NA;NA;NA;NA;NA;0
10;Sat 7;NA;NA;NA;NA;NA;NA;NA;NA;NA;NA;0
10;Sat 8;NA;NA;NA;NA;NA;NA;NA;NA;NA;NA;0
Weights;;0.2;0;0.2;0.2;0.4;;;;;;
11;Sat 1;NA;NA;NA;NA;NA;NA;NA;NA;NA;NA;0
11;Sat 2;NA;NA;NA;NA;NA;NA;NA;NA;NA;NA;0
11;Sat 3;0.0;0.0;1.0;0.0;0.9836033324480903;0.19672066648961806;0.35466944399899086;0.07093388879979817;0.0;0.0;0.26765455528941623
11;Sat 4;NA;NA;NA;NA;NA;NA;NA;NA;NA;NA;0
11;Sat 5;NA;NA;NA;NA;NA;NA;NA;NA;NA;NA;0
11;Sat 6;NA;NA;NA;NA;NA;NA;NA;NA;NA;NA;0
11;Sat 7;0.0;0.0;1.0;0.0;0.9836033324480903;0.19672066648961806;0.37119569576442313;0.07423913915288463;0.0;0.0;0.27095980564250266
11;Sat 8;NA;NA;NA;NA;NA;NA;NA;NA;NA;NA;0
Weights;;0.2;0;0.2;0.2;0.4;;;;;;
12;Sat 1;NA;NA;NA;NA;NA;NA;NA;NA;NA;NA;0
12;Sat 2;NA;NA;NA;NA;NA;NA;NA;NA;NA;NA;0
12;Sat 3;0.0;0.0;1.0;0.0;0.9836033324480903;0.19672066648961806;0.32634402052526684;0.06526880410505337;0.0;0.0;0.2619894705946714
12;Sat 4;NA;NA;NA;NA;NA;NA;NA;NA;NA;NA;0
12;Sat 5;NA;NA;NA;NA;NA;NA;NA;NA;NA;NA;0
12;Sat 6;NA;NA;NA;NA;NA;NA;NA;NA;NA;NA;0
12;Sat 7;0.0;0.0;1.0;0.0;0.9836033324480903;0.19672066648961806;0.4012990963290239;0.08025981926580478;0.0;0.0;0.27698048575542283
12;Sat 8;NA;NA;NA;NA;NA;NA;NA;NA;NA;NA;0
Weights;;0.2;0;0.2;0.2;0.4;;;;;;
13;Sat 1;NA;NA;NA;NA;NA;NA;NA;NA;NA;NA;0
13;Sat 2;NA;NA;NA;NA;NA;NA;NA;NA;NA;NA;0
13;Sat 3;0.0;0.0;1.0;0.0;0.9836033324480903;0.19672066648961806;0.302142023089035;0.060428404617807;0.0;0.0;0.2571490711074251
13;Sat 4;NA;NA;NA;NA;NA;NA;NA;NA;NA;NA;0
13;Sat 5;NA;NA;NA;NA;NA;NA;NA;NA;NA;NA;0
13;Sat 6;NA;NA;NA;NA;NA;NA;NA;NA;NA;NA;0
13;Sat 7;0.0;0.0;1.0;0.0;0.9836033324480903;0.19672066648961806;0.4363905858831364;0.08727811717662728;0.0;0.0;0.2839987836662453
13;Sat 8;NA;NA;NA;NA;NA;NA;NA;NA;NA;NA;0
Weights;;0.2;0;0.2;0.2;0.4;;;;;;
14;Sat 1;NA;NA;NA;NA;NA;NA;NA;NA;NA;NA;0
14;Sat 2;NA;NA;NA;NA;NA;NA;NA;NA;NA;NA;0
14;Sat 3;NA;NA;NA;NA;NA;NA;NA;NA;NA;NA;0
14;Sat 4;NA;NA;NA;NA;NA;NA;NA;NA;NA;NA;0
14;Sat 5;NA;NA;NA;NA;NA;NA;NA;NA;NA;NA;0
14;Sat 6;NA;NA;NA;NA;NA;NA;NA;NA;NA;NA;0
14;Sat 7;0.0;0.0;1.0;0.0;0.9836033324480903;0.19672066648961806;0.47760241302694684;0.09552048260538937;0.0;0.0;0.2922411490950074
14;Sat 8;NA;NA;NA;NA;NA;NA;NA;NA;NA;NA;0
Weights;;0.2;0;0.2;0.2;0.4;;;;;;
15;Sat 1;NA;NA;NA;NA;NA;NA;NA;NA;NA;NA;0
15;Sat 2;NA;NA;NA;NA;NA;NA;NA;NA;NA;NA;0
15;Sat 3;NA;NA;NA;NA;NA;NA;NA;NA;NA;NA;0
15;Sat 4;NA;NA;NA;NA;NA;NA;NA;NA;NA;NA;0
15;Sat 5;NA;NA;NA;NA;NA;NA;NA;NA;NA;NA;0
15;Sat 6;NA;NA;NA;NA;NA;NA;NA;NA;NA;NA;0
15;Sat 7;0.6956521739130435;0.1391304347826087;1.0;0.0;0.9836033324480903;0.19672066648961806;0.5262417467421959;0.10524834934843919;0.0;0.0;0.4410994506206659
15;Sat 8;NA;NA;NA;NA;NA;NA;NA;NA;NA;NA;0
Weights;;0.2;0;0.2;0.2;0.4;;;;;;
16;Sat 1;NA;NA;NA;NA;NA;NA;NA;NA;NA;NA;0
16;Sat 2;NA;NA;NA;NA;NA;NA;NA;NA;NA;NA;0
16;Sat 3;NA;NA;NA;NA;NA;NA;NA;NA;NA;NA;0
16;Sat 4;NA;NA;NA;NA;NA;NA;NA;NA;NA;NA;0
16;Sat 5;NA;NA;NA;NA;NA;NA;NA;NA;NA;NA;0
16;Sat 6;NA;NA;NA;NA;NA;NA;NA;NA;NA;NA;0
16;Sat 7;0.6521739130434783;0.13043478260869565;1.0;0.0;0.9836033324480903;0.19672066648961806;0.5837221231071458;0.11674442462142916;0.0;0.0;0.4438998737197429
16;Sat 8;NA;NA;NA;NA;NA;NA;NA;NA;NA;NA;0
Weights;;0.2;0;0.2;0.2;0.4;;;;;;
17;Sat 1;NA;NA;NA;NA;NA;NA;NA;NA;NA;NA;0
17;Sat 2;NA;NA;NA;NA;NA;NA;NA;NA;NA;NA;0
17;Sat 3;NA;NA;NA;NA;NA;NA;NA;NA;NA;NA;0
17;Sat 4;NA;NA;NA;NA;NA;NA;NA;NA;NA;NA;0
17;Sat 5;NA;NA;NA;NA;NA;NA;NA;NA;NA;NA;0
17;Sat 6;NA;NA;NA;NA;NA;NA;NA;NA;NA;NA;0
17;Sat 7;0.6086956521739131;0.12173913043478263;1.0;0.0;0.9836033324480903;0.19672066648961806;0.65126808619837;0.130253617239674;0.0;0.0;0.4487134141640747
17;Sat 8;NA;NA;NA;NA;NA;NA;NA;NA;NA;NA;0
Weights;;0.2;0;0.2;0.2;0.4;;;;;;
18;Sat 1;NA;NA;NA;NA;NA;NA;NA;NA;NA;NA;0
18;Sat 2;NA;NA;NA;NA;NA;NA;NA;NA;NA;NA;0
18;Sat 3;NA;NA;NA;NA;NA;NA;NA;NA;NA;NA;0
18;Sat 4;NA;NA;NA;NA;NA;NA;NA;NA;NA;NA;0
18;Sat 5;NA;NA;NA;NA;NA;NA;NA;NA;NA;NA;0
18;Sat 6;NA;NA;NA;NA;NA;NA;NA;NA;NA;NA;0
18;Sat 7;0.5652173913043478;0.11304347826086956;1.0;0.0;0.9836033324480903;0.19672066648961806;0.7291558153512118;0.14583116307024235;0.0;0.0;0.45559530782073
18;Sat 8;NA;NA;NA;NA;NA;NA;NA;NA;NA;NA;0
Weights;;0.2;0;0.2;0.2;0.4;;;;;;
19;Sat 1;NA;NA;NA;NA;NA;NA;NA;NA;NA;NA;0
19;Sat 2;NA;NA;NA;NA;NA;NA;NA;NA;NA;NA;0
19;Sat 3;NA;NA;NA;NA;NA;NA;NA;NA;NA;NA;0
19;Sat 4;NA;NA;NA;NA;NA;NA;NA;NA;NA;NA;0
19;Sat 5;NA;NA;NA;NA;NA;NA;NA;NA;NA;NA;0
19;Sat 6;NA;NA;NA;NA;NA;NA;NA;NA;NA;NA;0
19;Sat 7;0.5217391304347826;0.10434782608695653;1.0;0.0;0.9836033324480903;0.19672066648961806;0.8149737685807864;0.1629947537161573;0.4375;0.17500000000000002;0.6390632462927319
19;Sat 8;NA;NA;NA;NA;NA;NA;NA;NA;NA;NA;0
Weights;;0.2;0;0.2;0.2;0.4;;;;;;
20;Sat 1;NA;NA;NA;NA;NA;NA;NA;NA;NA;NA;0
20;Sat 2;NA;NA;NA;NA;NA;NA;NA;NA;NA;NA;0
20;Sat 3;NA;NA;NA;NA;NA;NA;NA;NA;NA;NA;0
20;Sat 4;NA;NA;NA;NA;NA;NA;NA;NA;NA;NA;0
20;Sat 5;NA;NA;NA;NA;NA;NA;NA;NA;NA;NA;0
20;Sat 6;NA;NA;NA;NA;NA;NA;NA;NA;NA;NA;0
20;Sat 7;0.4782608695652174;0.09565217391304348;1.0;0.0;0.9836033324480903;0.19672066648961806;0.9004983703237208;0.18009967406474417;0.375;0.15000000000000002;0.6224725144674057
20;Sat 8;NA;NA;NA;NA;NA;NA;NA;NA;NA;NA;0
Weights;;0.2;0;0.2;0.2;0.4;;;;;;
21;Sat 1;NA;NA;NA;NA;NA;NA;NA;NA;NA;NA;0
21;Sat 2;NA;NA;NA;NA;NA;NA;NA;NA;NA;NA;0
21;Sat 3;NA;NA;NA;NA;NA;NA;NA;NA;NA;NA;0
21;Sat 4;NA;NA;NA;NA;NA;NA;NA;NA;NA;NA;0
21;Sat 5;NA;NA;NA;NA;NA;NA;NA;NA;NA;NA;0
21;Sat 6;NA;NA;NA;NA;NA;NA;NA;NA;NA;NA;0
21;Sat 7;0.43478260869565216;0.08695652173913043;1.0;0.0;0.9836033324480903;0.19672066648961806;0.9691888095675966;0.1938377619135193;0.3125;0.125;0.6025149501422677
21;Sat 8;NA;NA;NA;NA;NA;NA;NA;NA;NA;NA;0
Weights;;0.2;0;0.2;0.2;0.4;;;;;;
22;Sat 1;NA;NA;NA;NA;NA;NA;NA;NA;NA;NA;0
22;Sat 2;NA;NA;NA;NA;NA;NA;NA;NA;NA;NA;0
22;Sat 3;NA;NA;NA;NA;NA;NA;NA;NA;NA;NA;0
22;Sat 4;NA;NA;NA;NA;NA;NA;NA;NA;NA;NA;0
22;Sat 5;NA;NA;NA;NA;NA;NA;NA;NA;NA;NA;0
22;Sat 6;NA;NA;NA;NA;NA;NA;NA;NA;NA;NA;0
22;Sat 7;0.391304347826087;0.0782608695652174;1.0;0.0;0.9836033324480903;0.19672066648961806;1.0;0.2;0.3125;0.125;0.5999815360548355
22;Sat 8;NA;NA;NA;NA;NA;NA;NA;NA;NA;NA;0
Weights;;0.2;0;0.2;0.2;0.4;;;;;;
23;Sat 1;NA;NA;NA;NA;NA;NA;NA;NA;NA;NA;0
23;Sat 2;0.0;0.0;1.0;0.0;0.9836033324480903;0.19672066648961806;0.309070623022369;0.0618141246044738;0.0;0.0;0.25853479109409183
23;Sat 3;NA;NA;NA;NA;NA;NA;NA;NA;NA;NA;0
23;Sat 4;NA;NA;NA;NA;NA;NA;NA;NA;NA;NA;0
23;Sat 5;NA;NA;NA;NA;NA;NA;NA;NA;NA;NA;0
23;Sat 6;NA;NA;NA;NA;NA;NA;NA;NA;NA;NA;0
23;Sat 7;0.34782608695652173;0.06956521739130435;1.0;0.0;0.9836033324480903;0.19672066648961806;0.9810477571121251;0.19620955142242502;0.25;0.1;0.5624954353033474
23;Sat 8;NA;NA;NA;NA;NA;NA;NA;NA;NA;NA;0
Weights;;0.2;0;0.2;0.2;0.4;;;;;;
24;Sat 1;NA;NA;NA;NA;NA;NA;NA;NA;NA;NA;0
24;Sat 2;0.0;0.0;1.0;0.0;0.9836033324480903;0.19672066648961806;0.33382218627675003;0.06676443725535001;0.0;0.0;0.2634851037449681
24;Sat 3;NA;NA;NA;NA;NA;NA;NA;NA;NA;NA;0
24;Sat 4;NA;NA;NA;NA;NA;NA;NA;NA;NA;NA;0
24;Sat 5;NA;NA;NA;NA;NA;NA;NA;NA;NA;NA;0
24;Sat 6;NA;NA;NA;NA;NA;NA;NA;NA;NA;NA;0
24;Sat 7;0.30434782608695654;0.060869565217391314;1.0;0.0;0.9836033324480903;0.19672066648961806;0.9197552093964941;0.18395104187929884;0.1875;0.07500000000000001;0.5165412735863082
24;Sat 8;NA;NA;NA;NA;NA;NA;NA;NA;NA;NA;0
Weights;;0.2;0;0.2;0.2;0.4;;;;;;
25;Sat 1;NA;NA;NA;NA;NA;NA;NA;NA;NA;NA;0
25;Sat 2;0.0;0.0;1.0;0.0;0.9836033324480903;0.19672066648961806;0.3627342758816914;0.07254685517633828;0.0;0.0;0.26926752166595636
25;Sat 3;NA;NA;NA;NA;NA;NA;NA;NA;NA;NA;0
25;Sat 4;NA;NA;NA;NA;NA;NA;NA;NA;NA;NA;0
25;Sat 5;NA;NA;NA;NA;NA;NA;NA;NA;NA;NA;0
25;Sat 6;NA;NA;NA;NA;NA;NA;NA;NA;NA;NA;0
25;Sat 7;0.2608695652173913;0.052173913043478265;1.0;0.0;0.9836033324480903;0.19672066648961806;0.8364604328237952;0.16729208656475905;0.125;0.05;0.46618666609785536
25;Sat 8;NA;NA;NA;NA;NA;NA;NA;NA;NA;NA;0
Weights;;0.2;0;0.2;0.2;0.4;;;;;;
26;Sat 1;NA;NA;NA;NA;NA;NA;NA;NA;NA;NA;0
26;Sat 2;0.72;0.144;1.0;0.0;0.9836033324480903;0.19672066648961806;0.3968326130127515;0.07936652260255031;0.0;0.0;0.42008718909216836
26;Sat 3;NA;NA;NA;NA;NA;NA;NA;NA;NA;NA;0
26;Sat 4;NA;NA;NA;NA;NA;NA;NA;NA;NA;NA;0
26;Sat 5;NA;NA;NA;NA;NA;NA;NA;NA;NA;NA;0
26;Sat 6;NA;NA;NA;NA;NA;NA;NA;NA;NA;NA;0
26;Sat 7;0.21739130434782608;0.043478260869565216;1.0;0.0;0.9836033324480903;0.19672066648961806;0.7495639600926045;0.1499127920185209;0.0625;0.025;0.4151117193777042
26;Sat 8;NA;NA;NA;NA;NA;NA;NA;NA;NA;NA;0
Weights;;0.2;0;0.2;0.2;0.4;;;;;;
27;Sat 1;NA;NA;NA;NA;NA;NA;NA;NA;NA;NA;0
27;Sat 2;0.68;0.136;1.0;0.0;0.9836033324480903;0.19672066648961806;0.43745477656701887;0.08749095531340378;0.0;0.0;0.42021162180302185
27;Sat 3;NA;NA;NA;NA;NA;NA;NA;NA;NA;NA;0
27;Sat 4;NA;NA;NA;NA;NA;NA;NA;NA;NA;NA;0
27;Sat 5;NA;NA;NA;NA;NA;NA;NA;NA;NA;NA;0
27;Sat 6;NA;NA;NA;NA;NA;NA;NA;NA;NA;NA;0
27;Sat 7;0.17391304347826086;0.034782608695652174;1.0;0.0;0.9836033324480903;0.19672066648961806;0.6692455047749355;0.13384910095498712;0.0;0.0;0.36535237614025734
27;Sat 8;NA;NA;NA;NA;NA;NA;NA;NA;NA;NA;0
Weights;;0.2;0;0.2;0.2;0.4;;;;;;
28;Sat 1;NA;NA;NA;NA;NA;NA;NA;NA;NA;NA;0
28;Sat 2;0.64;0.128;1.0;0.0;0.9836033324480903;0.19672066648961806;0.48617209000954764;0.09723441800190953;0.0;0.0;0.4219550844915276
28;Sat 3;NA;NA;NA;NA;NA;NA;NA;NA;NA;NA;0
28;Sat 4;NA;NA;NA;NA;NA;NA;NA;NA;NA;NA;0
28;Sat 5;NA;NA;NA;NA;NA;NA;NA;NA;NA;NA;0
28;Sat 6;NA;NA;NA;NA;NA;NA;NA;NA;NA;NA;0
28;Sat 7;0.13043478260869565;0.026086956521739132;1.0;0.0;0.9836033324480903;0.19672066648961806;0.598932960166217;0.1197865920332434;0.0;0.0;0.34259421504460064
28;Sat 8;NA;NA;NA;NA;NA;NA;NA;NA;NA;NA;0
Weights;;0.2;0;0.2;0.2;0.4;;;;;;
29;Sat 1;NA;NA;NA;NA;NA;NA;NA;NA;NA;NA;0
29;Sat 2;0.6;0.12;1.0;0.0;0.9836033324480903;0.19672066648961806;0.5450416901173658;0.10900833802347316;0.0;0.0;0.4257290045130912
29;Sat 3;NA;NA;NA;NA;NA;NA;NA;NA;NA;NA;0
29;Sat 4;NA;NA;NA;NA;NA;NA;NA;NA;NA;NA;0
29;Sat 5;NA;NA;NA;NA;NA;NA;NA;NA;NA;NA;0
29;Sat 6;NA;NA;NA;NA;NA;NA;NA;NA;NA;NA;0
29;Sat 7;0.08695652173913043;0.017391304347826087;1.0;0.0;0.9836033324480903;0.19672066648961806;0.5389450084280399;0.107789001685608;0.0;0.0;0.32190097252305216
29;Sat 8;NA;NA;NA;NA;NA;NA;NA;NA;NA;NA;0
Weights;;0.2;0;0.2;0.2;0.4;;;;;;
30;Sat 1;NA;NA;NA;NA;NA;NA;NA;NA;NA;NA;0
30;Sat 2;0.56;0.11200000000000002;1.0;0.0;0.9836033324480903;0.19672066648961806;0.6161878372395515;0.12323756744791031;0.0;0.0;0.43195823393752836
30;Sat 3;NA;NA;NA;NA;NA;NA;NA;NA;NA;NA;0
30;Sat 4;NA;NA;NA;NA;NA;NA;NA;NA;NA;NA;0
30;Sat 5;NA;NA;NA;NA;NA;NA;NA;NA;NA;NA;0
30;Sat 6;NA;NA;NA;NA;NA;NA;NA;NA;NA;NA;0
30;Sat 7;0.043478260869565216;0.008695652173913044;1.0;0.0;0.9836033324480903;0.19672066648961806;0.488162732464823;0.0976325464929646;0.0;0.0;0.3030488651564957
30;Sat 8;NA;NA;NA;NA;NA;NA;NA;NA;NA;NA;0
Weights;;0.2;0;0.2;0.2;0.4;;;;;;
31;Sat 1;NA;NA;NA;NA;NA;NA;NA;NA;NA;NA;0
31;Sat 2;0.52;0.10400000000000001;1.0;0.0;0.9836033324480903;0.19672066648961806;0.7009075847591291;0.14018151695182582;0.5;0.2;0.6409021834414439
31;Sat 3;NA;NA;NA;NA;NA;NA;NA;NA;NA;NA;0
31;Sat 4;NA;NA;NA;NA;NA;NA;NA;NA;NA;NA;0
31;Sat 5;NA;NA;NA;NA;NA;NA;NA;NA;NA;NA;0
31;Sat 6;NA;NA;NA;NA;NA;NA;NA;NA;NA;NA;0
31;Sat 7;0.0;0.0;1.0;0.0;0.9836033324480903;0.19672066648961806;0.44511752842307634;0.08902350568461527;0.0;0.0;0.2857441721742333
31;Sat 8;NA;NA;NA;NA;NA;NA;NA;NA;NA;NA;0
Weights;;0.2;0;0.2;0.2;0.4;;;;;;
32;Sat 1;NA;NA;NA;NA;NA;NA;NA;NA;NA;NA;0
32;Sat 2;0.48;0.096;1.0;0.0;0.9836033324480903;0.19672066648961806;0.7975006832390492;0.15950013664780985;0.4444444444444444;0.17777777777777778;0.6299985809152057
32;Sat 3;NA;NA;NA;NA;NA;NA;NA;NA;NA;NA;0
32;Sat 4;NA;NA;NA;NA;NA;NA;NA;NA;NA;NA;0
32;Sat 5;NA;NA;NA;NA;NA;NA;NA;NA;NA;NA;0
32;Sat 6;NA;NA;NA;NA;NA;NA;NA;NA;NA;NA;0
32;Sat 7;0.0;0.0;1.0;0.0;0.9836033324480903;0.19672066648961806;0.4084892216307627;0.08169784432615254;0.0;0.0;0.2784185108157706
32;Sat 8;NA;NA;NA;NA;NA;NA;NA;NA;NA;NA;0
Weights;;0.2;0;0.2;0.2;0.4;;;;;;
33;Sat 1;NA;NA;NA;NA;NA;NA;NA;NA;NA;NA;0
33;Sat 2;0.44;0.08800000000000001;1.0;0.0;0.9836033324480903;0.19672066648961806;0.8962698777456942;0.17925397554913886;0.3888888888888889;0.15555555555555556;0.6195301975943125
33;Sat 3;NA;NA;NA;NA;NA;NA;NA;NA;NA;NA;0
33;Sat 4;NA;NA;NA;NA;NA;NA;NA;NA;NA;NA;0
33;Sat 5;NA;NA;NA;NA;NA;NA;NA;NA;NA;NA;0
33;Sat 6;NA;NA;NA;NA;NA;NA;NA;NA;NA;NA;0
33;Sat 7;0.0;0.0;1.0;0.0;0.9836033324480903;0.19672066648961806;0.37713714681874205;0.07542742936374841;0.0;0.0;0.27214809585336647
33;Sat 8;NA;NA;NA;NA;NA;NA;NA;NA;NA;NA;0
Weights;;0.2;0;0.2;0.2;0.4;;;;;;
34;Sat 1;NA;NA;NA;NA;NA;NA;NA;NA;NA;NA;0
34;Sat 2;0.4;0.08000000000000002;1.0;0.0;0.9836033324480903;0.19672066648961806;0.9739902009882055;0.19479804019764113;0.3333333333333333;0.13333333333333333;0.6048520400205926
34;Sat 3;NA;NA;NA;NA;NA;NA;NA;NA;NA;NA;0
34;Sat 4;NA;NA;NA;NA;NA;NA;NA;NA;NA;NA;0
34;Sat 5;NA;NA;NA;NA;NA;NA;NA;NA;NA;NA;0
34;Sat 6;NA;NA;NA;NA;NA;NA;NA;NA;NA;NA;0
34;Sat 7;NA;NA;NA;NA;NA;NA;NA;NA;NA;NA;0
34;Sat 8;NA;NA;NA;NA;NA;NA;NA;NA;NA;NA;0
Weights;;0.2;0;0.2;0.2;0.4;;;;;;
35;Sat 1;NA;NA;NA;NA;NA;NA;NA;NA;NA;NA;0
35;Sat 2;0.36;0.072;1.0;0.0;0.9836033324480903;0.19672066648961806;1.0;0.2;0.2777777777777778;0.11111111111111112;0.5798317776007292
35;Sat 3;NA;NA;NA;NA;NA;NA;NA;NA;NA;NA;0
35;Sat 4;NA;NA;NA;NA;NA;NA;NA;NA;NA;NA;0
35;Sat 5;NA;NA;NA;NA;NA;NA;NA;NA;NA;NA;0
35;Sat 6;NA;NA;NA;NA;NA;NA;NA;NA;NA;NA;0
35;Sat 7;NA;NA;NA;NA;NA;NA;NA;NA;NA;NA;0
35;Sat 8;NA;NA;NA;NA;NA;NA;NA;NA;NA;NA;0
Weights;;0.2;0;0.2;0.2;0.4;;;;;;
36;Sat 1;NA;NA;NA;NA;NA;NA;NA;NA;NA;NA;0
36;Sat 2;0.32;0.064;1.0;0.0;0.9836033324480903;0.19672066648961806;0.9610546546628821;0.19221093093257643;0.2222222222222222;0.08888888888888889;0.5418204863110834
36;Sat 3;NA;NA;NA;NA;NA;NA;NA;NA;NA;NA;0
36;Sat 4;NA;NA;NA;NA;NA;NA;NA;NA;NA;NA;0
36;Sat 5;NA;NA;NA;NA;NA;NA;NA;NA;NA;NA;0
36;Sat 6;NA;NA;NA;NA;NA;NA;NA;NA;NA;NA;0
36;Sat 7;NA;NA;NA;NA;NA;NA;NA;NA;NA;NA;0
36;Sat 8;NA;NA;NA;NA;NA;NA;NA;NA;NA;NA;0
Weights;;0.2;0;0.2;0.2;0.4;;;;;;
37;Sat 1;NA;NA;NA;NA;NA;NA;NA;NA;NA;NA;0
37;Sat 2;0.28;0.05600000000000001;1.0;0.0;0.9836033324480903;0.19672066648961806;0.8762765118731338;0.17525530237462678;0.16666666666666666;0.06666666666666667;0.4946426355309115
37;Sat 3;NA;NA;NA;NA;NA;NA;NA;NA;NA;NA;0
37;Sat 4;NA;NA;NA;NA;NA;NA;NA;NA;NA;NA;0
37;Sat 5;NA;NA;NA;NA;NA;NA;NA;NA;NA;NA;0
37;Sat 6;NA;NA;NA;NA;NA;NA;NA;NA;NA;NA;0
37;Sat 7;NA;NA;NA;NA;NA;NA;NA;NA;NA;NA;0
37;Sat 8;NA;NA;NA;NA;NA;NA;NA;NA;NA;NA;0
Weights;;0.2;0;0.2;0.2;0.4;;;;;;
38;Sat 1;NA;NA;NA;NA;NA;NA;NA;NA;NA;NA;0
38;Sat 2;0.24;0.048;1.0;0.0;0.9836033324480903;0.19672066648961806;0.7765392535408217;0.15530785070816433;0.1111111111111111;0.044444444444444446;0.4444729616422268
38;Sat 3;NA;NA;NA;NA;NA;NA;NA;NA;NA;NA;0
38;Sat 4;NA;NA;NA;NA;NA;NA;NA;NA;NA;NA;0
38;Sat 5;NA;NA;NA;NA;NA;NA;NA;NA;NA;NA;0
38;Sat 6;NA;NA;NA;NA;NA;NA;NA;NA;NA;NA;0
38;Sat 7;NA;NA;NA;NA;NA;NA;NA;NA;NA;NA;0
38;Sat 8;NA;NA;NA;NA;NA;NA;NA;NA;NA;NA;0
Weights;;0.2;0;0.2;0.2;0.4;;;;;;
39;Sat 1;NA;NA;NA;NA;NA;NA;NA;NA;NA;NA;0
39;Sat 2;0.2;0.04000000000000001;1.0;0.0;0.9836033324480903;0.19672066648961806;0.6820367635696601;0.13640735271393203;0.05555555555555555;0.022222222222222223;0.3953502414257723
39;Sat 3;NA;NA;NA;NA;NA;NA;NA;NA;NA;NA;0
39;Sat 4;NA;NA;NA;NA;NA;NA;NA;NA;NA;NA;0
39;Sat 5;NA;NA;NA;NA;NA;NA;NA;NA;NA;NA;0
39;Sat 6;NA;NA;NA;NA;NA;NA;NA;NA;NA;NA;0
39;Sat 7;NA;NA;NA;NA;NA;NA;NA;NA;NA;NA;0
39;Sat 8;NA;NA;NA;NA;NA;NA;NA;NA;NA;NA;0
Weights;;0.2;0;0.2;0.2;0.4;;;;;;
40;Sat 1;NA;NA;NA;NA;NA;NA;NA;NA;NA;NA;0
40;Sat 2;0.16;0.032;1.0;0.0;0.9836033324480903;0.19672066648961806;0.6002615575512696;0.12005231151025393;0.0;0.0;0.348772977999872
40;Sat 3;NA;NA;NA;NA;NA;NA;NA;NA;NA;NA;0
40;Sat 4;NA;NA;NA;NA;NA;NA;NA;NA;NA;NA;0
40;Sat 5;NA;NA;NA;NA;NA;NA;NA;NA;NA;NA;0
40;Sat 6;NA;NA;NA;NA;NA;NA;NA;NA;NA;NA;0
40;Sat 7;NA;NA;NA;NA;NA;NA;NA;NA;NA;NA;0
40;Sat 8;NA;NA;NA;NA;NA;NA;NA;NA;NA;NA;0
Weights;;0.2;0;0.2;0.2;0.4;;;;;;
41;Sat 1;NA;NA;NA;NA;NA;NA;NA;NA;NA;NA;0
41;Sat 2;0.12;0.024;1.0;0.0;0.9836033324480903;0.19672066648961806;0.5314452442910959;0.10628904885821917;0.0;0.0;0.32700971534783724
41;Sat 3;NA;NA;NA;NA;NA;NA;NA;NA;NA;NA;0
41;Sat 4;NA;NA;NA;NA;NA;NA;NA;NA;NA;NA;0
41;Sat 5;NA;NA;NA;NA;NA;NA;NA;NA;NA;NA;0
41;Sat 6;NA;NA;NA;NA;NA;NA;NA;NA;NA;NA;0
41;Sat 7;NA;NA;NA;NA;NA;NA;NA;NA;NA;NA;0
41;Sat 8;NA;NA;NA;NA;NA;NA;NA;NA;NA;NA;0
Weights;;0.2;0;0.2;0.2;0.4;;;;;;
42;Sat 1;NA;NA;NA;NA;NA;NA;NA;NA;NA;NA;0
42;Sat 2;0.08;0.016;1.0;0.0;0.9836033324480903;0.19672066648961806;0.47492789105204325;0.09498557821040865;0.0;0.0;0.3077062447000267
42;Sat 3;NA;NA;NA;NA;NA;NA;NA;NA;NA;NA;0
42;Sat 4;NA;NA;NA;NA;NA;NA;NA;NA;NA;NA;0
42;Sat 5;NA;NA;NA;NA;NA;NA;NA;NA;NA;NA;0
42;Sat 6;NA;NA;NA;NA;NA;NA;NA;NA;NA;NA;0
42;Sat 7;NA;NA;NA;NA;NA;NA;NA;NA;NA;NA;0
42;Sat 8;NA;NA;NA;NA;NA;NA;NA;NA;NA;NA;0
Weights;;0.2;0;0.2;0.2;0.4;;;;;;
43;Sat 1;NA;NA;NA;NA;NA;NA;NA;NA;NA;NA;0
43;Sat 2;0.04;0.008;1.0;0.0;0.9836033324480903;0.19672066648961806;0.4286011290014417;0.08572022580028835;0.0;0.0;0.29044089228990644
43;Sat 3;NA;NA;NA;NA;NA;NA;NA;NA;NA;NA;0
43;Sat 4;NA;NA;NA;NA;NA;NA;NA;NA;NA;NA;0
43;Sat 5;NA;NA;NA;NA;NA;NA;NA;NA;NA;NA;0
43;Sat 6;0.0;0.0;1.0;0.0;0.9836033324480903;0.19672066648961806;0.35180627431107026;0.07036125486221405;0.0;0.0;0.2670819213518321
43;Sat 7;NA;NA;NA;NA;NA;NA;NA;NA;NA;NA;0
43;Sat 8;NA;NA;NA;NA;NA;NA;NA;NA;NA;NA;0
Weights;;0.2;0;0.2;0.2;0.4;;;;;;
44;Sat 1;NA;NA;NA;NA;NA;NA;NA;NA;NA;NA;0
44;Sat 2;0.0;0.0;1.0;0.0;0.9836033324480903;0.19672066648961806;0.3895282952264566;0.07790565904529133;0.0;0.0;0.2746263255349094
44;Sat 3;NA;NA;NA;NA;NA;NA;NA;NA;NA;NA;0
44;Sat 4;NA;NA;NA;NA;NA;NA;NA;NA;NA;NA;0
44;Sat 5;NA;NA;NA;NA;NA;NA;NA;NA;NA;NA;0
44;Sat 6;0.0;0.0;1.0;0.0;0.9836033324480903;0.19672066648961806;0.38260686601077604;0.07652137320215521;0.0;0.0;0.2732420396917733
44;Sat 7;NA;NA;NA;NA;NA;NA;NA;NA;NA;NA;0
44;Sat 8;NA;NA;NA;NA;NA;NA;NA;NA;NA;NA;0
Weights;;0.2;0;0.2;0.2;0.4;;;;;;
45;Sat 1;NA;NA;NA;NA;NA;NA;NA;NA;NA;NA;0
45;Sat 2;0.0;0.0;1.0;0.0;0.9836033324480903;0.19672066648961806;0.3563559695611732;0.07127119391223465;0.0;0.0;0.2679918604018527
45;Sat 3;NA;NA;NA;NA;NA;NA;NA;NA;NA;NA;0
45;Sat 4;NA;NA;NA;NA;NA;NA;NA;NA;NA;NA;0
45;Sat 5;NA;NA;NA;NA;NA;NA;NA;NA;NA;NA;0
45;Sat 6;0.0;0.0;1.0;0.0;0.9836033324480903;0.19672066648961806;0.41864977826216226;0.08372995565243246;0.0;0.0;0.2804506221420505
45;Sat 7;NA;NA;NA;NA;NA;NA;NA;NA;NA;NA;0
45;Sat 8;NA;NA;NA;NA;NA;NA;NA;NA;NA;NA;0
Weights;;0.2;0;0.2;0.2;0.4;;;;;;
46;Sat 1;NA;NA;NA;NA;NA;NA;NA;NA;NA;NA;0
46;Sat 2;0.0;0.0;1.0;0.0;0.9836033324480903;0.19672066648961806;0.32853236715654327;0.06570647343130866;0.0;0.0;0.2624271399209267
46;Sat 3;NA;NA;NA;NA;NA;NA;NA;NA;NA;NA;0
46;Sat 4;NA;NA;NA;NA;NA;NA;NA;NA;NA;NA;0
46;Sat 5;NA;NA;NA;NA;NA;NA;NA;NA;NA;NA;0
46;Sat 6;0.7272727272727273;0.14545454545454548;1.0;0.0;0.9836033324480903;0.19672066648961806;0.46198025127044146;0.0923960502540883;0.0;0.0;0.4345712621982519
46;Sat 7;NA;NA;NA;NA;NA;NA;NA;NA;NA;NA;0
46;Sat 8;NA;NA;NA;NA;NA;NA;NA;NA;NA;NA;0
Weights;;0.2;0;0.2;0.2;0.4;;;;;;
47;Sat 1;NA;NA;NA;NA;NA;NA;NA;NA;NA;NA;0
47;Sat 2;0.0;0.0;1.0;0.0;0.9836033324480903;0.19672066648961806;0.3046626159631621;0.06093252319263242;0.0;0.0;0.2576531896822505
47;Sat 3;NA;NA;NA;NA;NA;NA;NA;NA;NA;NA;0
47;Sat 4;NA;NA;NA;NA;NA;NA;NA;NA;NA;NA;0
47;Sat 5;NA;NA;NA;NA;NA;NA;NA;NA;NA;NA;0
47;Sat 6;0.6818181818181818;0.13636363636363635;1.0;0.0;0.9836033324480903;0.19672066648961806;0.5139755096932099;0.102795101938642;0.0;0.0;0.4358794047918964
47;Sat 7;NA;NA;NA;NA;NA;NA;NA;NA;NA;NA;0
47;Sat 8;NA;NA;NA;NA;NA;NA;NA;NA;NA;NA;0
Weights;;0.2;0;0.2;0.2;0.4;;;;;;
48;Sat 1;NA;NA;NA;NA;NA;NA;NA;NA;NA;NA;0
48;Sat 2;NA;NA;NA;NA;NA;NA;NA;NA;NA;NA;0
48;Sat 3;NA;NA;NA;NA;NA;NA;NA;NA;NA;NA;0
48;Sat 4;NA;NA;NA;NA;NA;NA;NA;NA;NA;NA;0
48;Sat 5;NA;NA;NA;NA;NA;NA;NA;NA;NA;NA;0
48;Sat 6;0.6363636363636364;0.1272727272727273;1.0;0.0;0.9836033324480903;0.19672066648961806;0.5766116165906905;0.1153223233181381;0.0;0.0;0.43931571708048345
48;Sat 7;NA;NA;NA;NA;NA;NA;NA;NA;NA;NA;0
48;Sat 8;NA;NA;NA;NA;NA;NA;NA;NA;NA;NA;0
Weights;;0.2;0;0.2;0.2;0.4;;;;;;
49;Sat 1;NA;NA;NA;NA;NA;NA;NA;NA;NA;NA;0
49;Sat 2;NA;NA;NA;NA;NA;NA;NA;NA;NA;NA;0
49;Sat 3;NA;NA;NA;NA;NA;NA;NA;NA;NA;NA;0
49;Sat 4;NA;NA;NA;NA;NA;NA;NA;NA;NA;NA;0
49;Sat 5;NA;NA;NA;NA;NA;NA;NA;NA;NA;NA;0
49;Sat 6;0.5909090909090909;0.1181818181818182;1.0;0.0;0.9836033324480903;0.19672066648961806;0.6517449375874469;0.13034898751748938;0.5;0.2;0.6452514721889255
49;Sat 7;NA;NA;NA;NA;NA;NA;NA;NA;NA;NA;0
49;Sat 8;NA;NA;NA;NA;NA;NA;NA;NA;NA;NA;0
Weights;;0.2;0;0.2;0.2;0.4;;;;;;
50;Sat 1;NA;NA;NA;NA;NA;NA;NA;NA;NA;NA;0
50;Sat 2;NA;NA;NA;NA;NA;NA;NA;NA;NA;NA;0
50;Sat 3;NA;NA;NA;NA;NA;NA;NA;NA;NA;NA;0
50;Sat 4;NA;NA;NA;NA;NA;NA;NA;NA;NA;NA;0
50;Sat 5;NA;NA;NA;NA;NA;NA;NA;NA;NA;NA;0
50;Sat 6;0.5454545454545454;0.10909090909090909;1.0;0.0;0.9836033324480903;0.19672066648961806;0.7396573098942163;0.14793146197884327;0.4375;0.17500000000000002;0.6287430375593704
50;Sat 7;NA;NA;NA;NA;NA;NA;NA;NA;NA;NA;0
50;Sat 8;NA;NA;NA;NA;NA;NA;NA;NA;NA;NA;0
Weights;;0.2;0;0.2;0.2;0.4;;;;;;
51;Sat 1;NA;NA;NA;NA;NA;NA;NA;NA;NA;NA;0
51;Sat 2;NA;NA;NA;NA;NA;NA;NA;NA;NA;NA;0
51;Sat 3;NA;NA;NA;NA;NA;NA;NA;NA;NA;NA;0
51;Sat 4;NA;NA;NA;NA;NA;NA;NA;NA;NA;NA;0
51;Sat 5;NA;NA;NA;NA;NA;NA;NA;NA;NA;NA;0
51;Sat 6;0.5;0.1;1.0;0.0;0.9836033324480903;0.19672066648961806;0.8339432223691299;0.166788644473826;0.375;0.15000000000000002;0.6135093109634441
51;Sat 7;NA;NA;NA;NA;NA;NA;NA;NA;NA;NA;0
51;Sat 8;NA;NA;NA;NA;NA;NA;NA;NA;NA;NA;0
Weights;;0.2;0;0.2;0.2;0.4;;;;;;
52;Sat 1;NA;NA;NA;NA;NA;NA;NA;NA;NA;NA;0
52;Sat 2;NA;NA;NA;NA;NA;NA;NA;NA;NA;NA;0
52;Sat 3;NA;NA;NA;NA;NA;NA;NA;NA;NA;NA;0
52;Sat 4;NA;NA;NA;NA;NA;NA;NA;NA;NA;NA;0
52;Sat 5;NA;NA;NA;NA;NA;NA;NA;NA;NA;NA;0
52;Sat 6;0.45454545454545453;0.09090909090909091;1.0;0.0;0.9836033324480903;0.19672066648961806;0.9295042097563254;0.1859008419512651;0.3125;0.125;0.5985305993499741
52;Sat 7;NA;NA;NA;NA;NA;NA;NA;NA;NA;NA;0
52;Sat 8;NA;NA;NA;NA;NA;NA;NA;NA;NA;NA;0
Weights;;0.2;0;0.2;0.2;0.4;;;;;;
53;Sat 1;NA;NA;NA;NA;NA;NA;NA;NA;NA;NA;0
53;Sat 2;NA;NA;NA;NA;NA;NA;NA;NA;NA;NA;0
53;Sat 3;NA;NA;NA;NA;NA;NA;NA;NA;NA;NA;0
53;Sat 4;NA;NA;NA;NA;NA;NA;NA;NA;NA;NA;0
53;Sat 5;NA;NA;NA;NA;NA;NA;NA;NA;NA;NA;0
53;Sat 6;0.4090909090909091;0.08181818181818183;1.0;0.0;0.9836033324480903;0.19672066648961806;0.9929560798437774;0.1985912159687555;0.25;0.1;0.5771300642765554
53;Sat 7;NA;NA;NA;NA;NA;NA;NA;NA;NA;NA;0
53;Sat 8;NA;NA;NA;NA;NA;NA;NA;NA;NA;NA;0
Weights;;0.2;0;0.2;0.2;0.4;;;;;;
54;Sat 1;NA;NA;NA;NA;NA;NA;NA;NA;NA;NA;0
54;Sat 2;NA;NA;NA;NA;NA;NA;NA;NA;NA;NA;0
54;Sat 3;NA;NA;NA;NA;NA;NA;NA;NA;NA;NA;0
54;Sat 4;NA;NA;NA;NA;NA;NA;NA;NA;NA;NA;0
54;Sat 5;NA;NA;NA;NA;NA;NA;NA;NA;NA;NA;0
54;Sat 6;0.36363636363636365;0.07272727272727274;1.0;0.0;0.9836033324480903;0.19672066648961806;1.0;0.2;0.1875;0.07500000000000001;0.5444479392168908
54;Sat 7;NA;NA;NA;NA;NA;NA;NA;NA;NA;NA;0
54;Sat 8;NA;NA;NA;NA;NA;NA;NA;NA;NA;NA;0
Weights;;0.2;0;0.2;0.2;0.4;;;;;;
55;Sat 1;NA;NA;NA;NA;NA;NA;NA;NA;NA;NA;0
55;Sat 2;NA;NA;NA;NA;NA;NA;NA;NA;NA;NA;0
55;Sat 3;NA;NA;NA;NA;NA;NA;NA;NA;NA;NA;0
55;Sat 4;NA;NA;NA;NA;NA;NA;NA;NA;NA;NA;0
55;Sat 5;NA;NA;NA;NA;NA;NA;NA;NA;NA;NA;0
55;Sat 6;0.3181818181818182;0.06363636363636364;1.0;0.0;0.9836033324480903;0.19672066648961806;0.9473354684385666;0.18946709368771333;0.125;0.05;0.49982412381369506
55;Sat 7;NA;NA;NA;NA;NA;NA;NA;NA;NA;NA;0
55;Sat 8;NA;NA;NA;NA;NA;NA;NA;NA;NA;NA;0
Weights;;0.2;0;0.2;0.2;0.4;;;;;;
56;Sat 1;NA;NA;NA;NA;NA;NA;NA;NA;NA;NA;0
56;Sat 2;NA;NA;NA;NA;NA;NA;NA;NA;NA;NA;0
56;Sat 3;NA;NA;NA;NA;NA;NA;NA;NA;NA;NA;0
56;Sat 4;NA;NA;NA;NA;NA;NA;NA;NA;NA;NA;0
56;Sat 5;NA;NA;NA;NA;NA;NA;NA;NA;NA;NA;0
56;Sat 6;0.2727272727272727;0.05454545454545454;1.0;0.0;0.9836033324480903;0.19672066648961806;0.8583840767553569;0.17167681535107138;0.0625;0.025;0.447942936386144
56;Sat 7;NA;NA;NA;NA;NA;NA;NA;NA;NA;NA;0
56;Sat 8;NA;NA;NA;NA;NA;NA;NA;NA;NA;NA;0
Weights;;0.2;0;0.2;0.2;0.4;;;;;;
57;Sat 1;0.0;0.0;1.0;0.0;0.9836033324480903;0.19672066648961806;0.3292220253052832;0.06584440506105664;0.0;0.0;0.2625650715506747
57;Sat 2;NA;NA;NA;NA;NA;NA;NA;NA;NA;NA;0
57;Sat 3;NA;NA;NA;NA;NA;NA;NA;NA;NA;NA;0
57;Sat 4;NA;NA;NA;NA;NA;NA;NA;NA;NA;NA;0
57;Sat 5;NA;NA;NA;NA;NA;NA;NA;NA;NA;NA;0
57;Sat 6;0.22727272727272727;0.045454545454545456;1.0;0.0;0.9836033324480903;0.19672066648961806;0.7607630791753212;0.15215261583506423;0.0;0.0;0.39432782777922776
57;Sat 7;NA;NA;NA;NA;NA;NA;NA;NA;NA;NA;0
57;Sat 8;NA;NA;NA;NA;NA;NA;NA;NA;NA;NA;0
Weights;;0.2;0;0.2;0.2;0.4;;;;;;
58;Sat 1;0.0;0.0;1.0;0.0;0.9836033324480903;0.19672066648961806;0.3551503851865778;0.07103007703731556;0.0;0.0;0.2677507435269336
58;Sat 2;NA;NA;NA;NA;NA;NA;NA;NA;NA;NA;0
58;Sat 3;NA;NA;NA;NA;NA;NA;NA;NA;NA;NA;0
58;Sat 4;NA;NA;NA;NA;NA;NA;NA;NA;NA;NA;0
58;Sat 5;NA;NA;NA;NA;NA;NA;NA;NA;NA;NA;0
58;Sat 6;0.18181818181818182;0.03636363636363637;1.0;0.0;0.9836033324480903;0.19672066648961806;0.6703557250624184;0.13407114501248368;0.0;0.0;0.3671554478657381
58;Sat 7;NA;NA;NA;NA;NA;NA;NA;NA;NA;NA;0
58;Sat 8;NA;NA;NA;NA;NA;NA;NA;NA;NA;NA;0
Weights;;0.2;0;0.2;0.2;0.4;;;;;;
59;Sat 1;0.0;0.0;1.0;0.0;0.9836033324480903;0.19672066648961806;0.38528967013777166;0.07705793402755434;0.0;0.0;0.2737786005171724
59;Sat 2;NA;NA;NA;NA;NA;NA;NA;NA;NA;NA;0
59;Sat 3;NA;NA;NA;NA;NA;NA;NA;NA;NA;NA;0
59;Sat 4;NA;NA;NA;NA;NA;NA;NA;NA;NA;NA;0
59;Sat 5;NA;NA;NA;NA;NA;NA;NA;NA;NA;NA;0
59;Sat 6;0.13636363636363635;0.02727272727272727;1.0;0.0;0.9836033324480903;0.19672066648961806;0.5924143660492446;0.11848287320984892;0.0;0.0;0.34247626697219424
59;Sat 7;NA;NA;NA;NA;NA;NA;NA;NA;NA;NA;0
59;Sat 8;NA;NA;NA;NA;NA;NA;NA;NA;NA;NA;0
Weights;;0.2;0;0.2;0.2;0.4;;;;;;
60;Sat 1;0.0;0.0;1.0;0.0;0.9836033324480903;0.19672066648961806;0.4206606206704728;0.08413212413409456;0.0;0.0;0.2808527906237126
60;Sat 2;NA;NA;NA;NA;NA;NA;NA;NA;NA;NA;0
60;Sat 3;NA;NA;NA;NA;NA;NA;NA;NA;NA;NA;0
60;Sat 4;NA;NA;NA;NA;NA;NA;NA;NA;NA;NA;0
60;Sat 5;NA;NA;NA;NA;NA;NA;NA;NA;NA;NA;0
60;Sat 6;0.09090909090909091;0.018181818181818184;1.0;0.0;0.9836033324480903;0.19672066648961806;0.5272217665955524;0.10544435331911049;0.0;0.0;0.32034683799054675
60;Sat 7;NA;NA;NA;NA;NA;NA;NA;NA;NA;NA;0
60;Sat 8;NA;NA;NA;NA;NA;NA;NA;NA;NA;NA;0
Weights;;0.2;0;0.2;0.2;0.4;;;;;;
61;Sat 1;0.68;0.136;1.0;0.0;0.9836033324480903;0.19672066648961806;0.46251092419988954;0.09250218483997791;0.0;0.0;0.425222851329596
61;Sat 2;NA;NA;NA;NA;NA;NA;NA;NA;NA;NA;0
61;Sat 3;NA;NA;NA;NA;NA;NA;NA;NA;NA;NA;0
61;Sat 4;NA;NA;NA;NA;NA;NA;NA;NA;NA;NA;0
61;Sat 5;NA;NA;NA;NA;NA;NA;NA;NA;NA;NA;0
61;Sat 6;0.045454545454545456;0.009090909090909092;1.0;0.0;0.9836033324480903;0.19672066648961806;0.47310083597640346;0.0946201671952807;0.0;0.0;0.30043174277580786
61;Sat 7;NA;NA;NA;NA;NA;NA;NA;NA;NA;NA;0
61;Sat 8;NA;NA;NA;NA;NA;NA;NA;NA;NA;NA;0
Weights;;0.2;0;0.2;0.2;0.4;;;;;;
62;Sat 1;0.64;0.128;1.0;0.0;0.9836033324480903;0.19672066648961806;0.51225227888802;0.10245045577760402;0.0;0.0;0.4271711222672221
62;Sat 2;NA;NA;NA;NA;NA;NA;NA;NA;NA;NA;0
62;Sat 3;NA;NA;NA;NA;NA;NA;NA;NA;NA;NA;0
62;Sat 4;NA;NA;NA;NA;NA;NA;NA;NA;NA;NA;0
62;Sat 5;NA;NA;NA;NA;NA;NA;NA;NA;NA;NA;0
62;Sat 6;0.0;0.0;1.0;0.0;0.9836033324480903;0.19672066648961806;0.42797128289319164;0.08559425657863834;0.0;0.0;0.2823149230682564
62;Sat 7;NA;NA;NA;NA;NA;NA;NA;NA;NA;NA;0
62;Sat 8;NA;NA;NA;NA;NA;NA;NA;NA;NA;NA;0
Weights;;0.2;0;0.2;0.2;0.4;;;;;;
63;Sat 1;0.6;0.12;1.0;0.0;0.9836033324480903;0.19672066648961806;0.5717152028246952;0.11434304056493905;0.0;0.0;0.4310637070545571
63;Sat 2;NA;NA;NA;NA;NA;NA;NA;NA;NA;NA;0
63;Sat 3;NA;NA;NA;NA;NA;NA;NA;NA;NA;NA;0
63;Sat 4;NA;NA;NA;NA;NA;NA;NA;NA;NA;NA;0
63;Sat 5;NA;NA;NA;NA;NA;NA;NA;NA;NA;NA;0
63;Sat 6;0.0;0.0;1.0;0.0;0.9836033324480903;0.19672066648961806;0.3901844306625623;0.07803688613251247;0.0;0.0;0.27475755262213053
63;Sat 7;NA;NA;NA;NA;NA;NA;NA;NA;NA;NA;0
63;Sat 8;NA;NA;NA;NA;NA;NA;NA;NA;NA;NA;0
Weights;;0.2;0;0.2;0.2;0.4;;;;;;
64;Sat 1;0.56;0.11200000000000002;1.0;0.0;0.9836033324480903;0.19672066648961806;0.6424039744690176;0.12848079489380354;0.0;0.0;0.4372014613834216
64;Sat 2;NA;NA;NA;NA;NA;NA;NA;NA;NA;NA;0
64;Sat 3;NA;NA;NA;NA;NA;NA;NA;NA;NA;NA;0
64;Sat 4;NA;NA;NA;NA;NA;NA;NA;NA;NA;NA;0
64;Sat 5;NA;NA;NA;NA;NA;NA;NA;NA;NA;NA;0
64;Sat 6;0.0;0.0;1.0;0.0;0.9836033324480903;0.19672066648961806;0.3582142850934096;0.07164285701868192;0.0;0.0;0.26836352350829995
64;Sat 7;NA;NA;NA;NA;NA;NA;NA;NA;NA;NA;0
64;Sat 8;NA;NA;NA;NA;NA;NA;NA;NA;NA;NA;0
Weights;;0.2;0;0.2;0.2;0.4;;;;;;
65;Sat 1;0.52;0.10400000000000001;1.0;0.0;0.9836033324480903;0.19672066648961806;0.7250259602322815;0.14500519204645632;0.47058823529411764;0.18823529411764706;0.6339611526537214
65;Sat 2;NA;NA;NA;NA;NA;NA;NA;NA;NA;NA;0
65;Sat 3;NA;NA;NA;NA;NA;NA;NA;NA;NA;NA;0
65;Sat 4;NA;NA;NA;NA;NA;NA;NA;NA;NA;NA;0
65;Sat 5;NA;NA;NA;NA;NA;NA;NA;NA;NA;NA;0
65;Sat 6;NA;NA;NA;NA;NA;NA;NA;NA;NA;NA;0
65;Sat 7;NA;NA;NA;NA;NA;NA;NA;NA;NA;NA;0
65;Sat 8;NA;NA;NA;NA;NA;NA;NA;NA;NA;NA;0
Weights;;0.2;0;0.2;0.2;0.4;;;;;;
66;Sat 1;0.48;0.096;1.0;0.0;0.9836033324480903;0.19672066648961806;0.8166884555445049;0.16333769110890098;0.4117647058823529;0.16470588235294117;0.6207642399514601
66;Sat 2;NA;NA;NA;NA;NA;NA;NA;NA;NA;NA;0
66;Sat 3;NA;NA;NA;NA;NA;NA;NA;NA;NA;NA;0
66;Sat 4;NA;NA;NA;NA;NA;NA;NA;NA;NA;NA;0
66;Sat 5;NA;NA;NA;NA;NA;NA;NA;NA;NA;NA;0
66;Sat 6;NA;NA;NA;NA;NA;NA;NA;NA;NA;NA;0
66;Sat 7;NA;NA;NA;NA;NA;NA;NA;NA;NA;NA;0
66;Sat 8;NA;NA;NA;NA;NA;NA;NA;NA;NA;NA;0
Weights;;0.2;0;0.2;0.2;0.4;;;;;;
67;Sat 1;0.44;0.08800000000000001;1.0;0.0;0.9836033324480903;0.19672066648961806;0.907581305769095;0.18151626115381903;0.35294117647058826;0.14117647058823532;0.6074133982316724
67;Sat 2;NA;NA;NA;NA;NA;NA;NA;NA;NA;NA;0
67;Sat 3;NA;NA;NA;NA;NA;NA;NA;NA;NA;NA;0
67;Sat 4;NA;NA;NA;NA;NA;NA;NA;NA;NA;NA;0
67;Sat 5;NA;NA;NA;NA;NA;NA;NA;NA;NA;NA;0
67;Sat 6;NA;NA;NA;NA;NA;NA;NA;NA;NA;NA;0
67;Sat 7;NA;NA;NA;NA;NA;NA;NA;NA;NA;NA;0
67;Sat 8;NA;NA;NA;NA;NA;NA;NA;NA;NA;NA;0
Weights;;0.2;0;0.2;0.2;0.4;;;;;;
68;Sat 1;0.4;0.08000000000000002;1.0;0.0;0.9836033324480903;0.19672066648961806;0.9770737545861529;0.1954147509172306;0.29411764705882354;0.11764705882352942;0.589782476230378
68;Sat 2;NA;NA;NA;NA;NA;NA;NA;NA;NA;NA;0
68;Sat 3;NA;NA;NA;NA;NA;NA;NA;NA;NA;NA;0
68;Sat 4;NA;NA;NA;NA;NA;NA;NA;NA;NA;NA;0
68;Sat 5;NA;NA;NA;NA;NA;NA;NA;NA;NA;NA;0
68;Sat 6;NA;NA;NA;NA;NA;NA;NA;NA;NA;NA;0
68;Sat 7;NA;NA;NA;NA;NA;NA;NA;NA;NA;NA;0
68;Sat 8;NA;NA;NA;NA;NA;NA;NA;NA;NA;NA;0
Weights;;0.2;0;0.2;0.2;0.4;;;;;;
69;Sat 1;0.36;0.072;1.0;0.0;0.9836033324480903;0.19672066648961806;1.0;0.2;0.23529411764705882;0.09411764705882353;0.5628383135484416
69;Sat 2;NA;NA;NA;NA;NA;NA;NA;NA;NA;NA;0
69;Sat 3;NA;NA;NA;NA;NA;NA;NA;NA;NA;NA;0
69;Sat 4;NA;NA;NA;NA;NA;NA;NA;NA;NA;NA;0
69;Sat 5;NA;NA;NA;NA;NA;NA;NA;NA;NA;NA;0
69;Sat 6;NA;NA;NA;NA;NA;NA;NA;NA;NA;NA;0
69;Sat 7;NA;NA;NA;NA;NA;NA;NA;NA;NA;NA;0
69;Sat 8;NA;NA;NA;NA;NA;NA;NA;NA;NA;NA;0
Weights;;0.2;0;0.2;0.2;0.4;;;;;;
70;Sat 1;0.32;0.064;1.0;0.0;0.9836033324480903;0.19672066648961806;0.9659389773014497;0.19318779546028997;0.17647058823529413;0.07058823529411766;0.5244966972440257
70;Sat 2;NA;NA;NA;NA;NA;NA;NA;NA;NA;NA;0
70;Sat 3;NA;NA;NA;NA;NA;NA;NA;NA;NA;NA;0
70;Sat 4;NA;NA;NA;NA;NA;NA;NA;NA;NA;NA;0
70;Sat 5;NA;NA;NA;NA;NA;NA;NA;NA;NA;NA;0
70;Sat 6;NA;NA;NA;NA;NA;NA;NA;NA;NA;NA;0
70;Sat 7;NA;NA;NA;NA;NA;NA;NA;NA;NA;NA;0
70;Sat 8;NA;NA;NA;NA;NA;NA;NA;NA;NA;NA;0
Weights;;0.2;0;0.2;0.2;0.4;;;;;;
71;Sat 1;0.28;0.05600000000000001;1.0;0.0;0.9836033324480903;0.19672066648961806;0.889983904262539;0.1779967808525078;0.11764705882352941;0.047058823529411764;0.4777762708715376
71;Sat 2;NA;NA;NA;NA;NA;NA;NA;NA;NA;NA;0
71;Sat 3;NA;NA;NA;NA;NA;NA;NA;NA;NA;NA;0
71;Sat 4;NA;NA;NA;NA;NA;NA;NA;NA;NA;NA;0
71;Sat 5;NA;NA;NA;NA;NA;NA;NA;NA;NA;NA;0
71;Sat 6;NA;NA;NA;NA;NA;NA;NA;NA;NA;NA;0
71;Sat 7;NA;NA;NA;NA;NA;NA;NA;NA;NA;NA;0
71;Sat 8;NA;NA;NA;NA;NA;NA;NA;NA;NA;NA;0
Weights;;0.2;0;0.2;0.2;0.4;;;;;;
72;Sat 1;0.24;0.048;1.0;0.0;0.9836033324480903;0.19672066648961806;0.7974200934785091;0.15948401869570183;0.058823529411764705;0.023529411764705882;0.42773409695002573
72;Sat 2;NA;NA;NA;NA;NA;NA;NA;NA;NA;NA;0
72;Sat 3;NA;NA;NA;NA;NA;NA;NA;NA;NA;NA;0
72;Sat 4;NA;NA;NA;NA;NA;NA;NA;NA;NA;NA;0
72;Sat 5;NA;NA;NA;NA;NA;NA;NA;NA;NA;NA;0
72;Sat 6;NA;NA;NA;NA;NA;NA;NA;NA;NA;NA;0
72;Sat 7;NA;NA;NA;NA;NA;NA;NA;NA;NA;NA;0
72;Sat 8;NA;NA;NA;NA;NA;NA;NA;NA;NA;NA;0
Weights;;0.2;0;0.2;0.2;0.4;;;;;;
73;Sat 1;0.2;0.04000000000000001;1.0;0.0;0.9836033324480903;0.19672066648961806;0.7068723538016933;0.14137447076033868;0.0;0.0;0.37809513724995675
73;Sat 2;NA;NA;NA;NA;NA;NA;NA;NA;NA;NA;0
73;Sat 3;NA;NA;NA;NA;NA;NA;NA;NA;NA;NA;0
73;Sat 4;NA;NA;NA;NA;NA;NA;NA;NA;NA;NA;0
73;Sat 5;NA;NA;NA;NA;NA;NA;NA;NA;NA;NA;0
73;Sat 6;NA;NA;NA;NA;NA;NA;NA;NA;NA;NA;0
73;Sat 7;NA;NA;NA;NA;NA;NA;NA;NA;NA;NA;0
73;Sat 8;NA;NA;NA;NA;NA;NA;NA;NA;NA;NA;0
Weights;;0.2;0;0.2;0.2;0.4;;;;;;
74;Sat 1;0.16;0.032;1.0;0.0;0.9836033324480903;0.19672066648961806;0.6264907153326714;0.12529814306653428;0.0;0.0;0.35401880955615234
74;Sat 2;NA;NA;NA;NA;NA;NA;NA;NA;NA;NA;0
74;Sat 3;NA;NA;NA;NA;NA;NA;NA;NA;NA;NA;0
74;Sat 4;NA;NA;NA;NA;NA;NA;NA;NA;NA;NA;0
74;Sat 5;0.0;0.0;1.0;0.0;0.9836033324480903;0.19672066648961806;0.3217738901172146;0.06435477802344292;0.0;0.0;0.261075444513061
74;Sat 6;NA;NA;NA;NA;NA;NA;NA;NA;NA;NA;0
74;Sat 7;NA;NA;NA;NA;NA;NA;NA;NA;NA;NA;0
74;Sat 8;NA;NA;NA;NA;NA;NA;NA;NA;NA;NA;0
Weights;;0.2;0;0.2;0.2;0.4;;;;;;
75;Sat 1;0.12;0.024;1.0;0.0;0.9836033324480903;0.19672066648961806;0.5580307829218499;0.11160615658437;0.0;0.0;0.33232682307398803
75;Sat 2;NA;NA;NA;NA;NA;NA;NA;NA;NA;NA;0
75;Sat 3;NA;NA;NA;NA;NA;NA;NA;NA;NA;NA;0
75;Sat 4;NA;NA;NA;NA;NA;NA;NA;NA;NA;NA;0
75;Sat 5;0.0;0.0;1.0;0.0;0.9836033324480903;0.19672066648961806;0.3489890120903313;0.06979780241806625;0.0;0.0;0.2665184689076843
75;Sat 6;NA;NA;NA;NA;NA;NA;NA;NA;NA;NA;0
75;Sat 7;NA;NA;NA;NA;NA;NA;NA;NA;NA;NA;0
75;Sat 8;NA;NA;NA;NA;NA;NA;NA;NA;NA;NA;0
Weights;;0.2;0;0.2;0.2;0.4;;;;;;
76;Sat 1;0.08;0.016;1.0;0.0;0.9836033324480903;0.19672066648961806;0.5006041399675804;0.10012082799351607;0.0;0.0;0.31284149448313414
76;Sat 2;NA;NA;NA;NA;NA;NA;NA;NA;NA;NA;0
76;Sat 3;NA;NA;NA;NA;NA;NA;NA;NA;NA;NA;0
76;Sat 4;NA;NA;NA;NA;NA;NA;NA;NA;NA;NA;0
76;Sat 5;0.0;0.0;1.0;0.0;0.9836033324480903;0.19672066648961806;0.38102057337692735;0.07620411467538547;0.0;0.0;0.2729247811650035
76;Sat 6;NA;NA;NA;NA;NA;NA;NA;NA;NA;NA;0
76;Sat 7;NA;NA;NA;NA;NA;NA;NA;NA;NA;NA;0
76;Sat 8;NA;NA;NA;NA;NA;NA;NA;NA;NA;NA;0
Weights;;0.2;0;0.2;0.2;0.4;;;;;;
77;Sat 1;0.04;0.008;1.0;0.0;0.9836033324480903;0.19672066648961806;0.4524684621021277;0.09049369242042554;0.0;0.0;0.2952143589100436
77;Sat 2;NA;NA;NA;NA;NA;NA;NA;NA;NA;NA;0
77;Sat 3;NA;NA;NA;NA;NA;NA;NA;NA;NA;NA;0
77;Sat 4;NA;NA;NA;NA;NA;NA;NA;NA;NA;NA;0
77;Sat 5;0.0;0.0;1.0;0.0;0.9836033324480903;0.19672066648961806;0.4190472295971982;0.08380944591943965;0.0;0.0;0.2805301124090577
77;Sat 6;NA;NA;NA;NA;NA;NA;NA;NA;NA;NA;0
77;Sat 7;NA;NA;NA;NA;NA;NA;NA;NA;NA;NA;0
77;Sat 8;NA;NA;NA;NA;NA;NA;NA;NA;NA;NA;0
Weights;;0.2;0;0.2;0.2;0.4;;;;;;
78;Sat 1;0.0;0.0;1.0;0.0;0.9836033324480903;0.19672066648961806;0.4120142274251051;0.08240284548502103;0.0;0.0;0.2791235119746391
78;Sat 2;NA;NA;NA;NA;NA;NA;NA;NA;NA;NA;0
78;Sat 3;NA;NA;NA;NA;NA;NA;NA;NA;NA;NA;0
78;Sat 4;NA;NA;NA;NA;NA;NA;NA;NA;NA;NA;0
78;Sat 5;0.6818181818181818;0.13636363636363635;1.0;0.0;0.9836033324480903;0.19672066648961806;0.46466701943795247;0.0929334038875905;0.0;0.0;0.42601770674084494
78;Sat 6;NA;NA;NA;NA;NA;NA;NA;NA;NA;NA;0
78;Sat 7;NA;NA;NA;NA;NA;NA;NA;NA;NA;NA;0
78;Sat 8;NA;NA;NA;NA;NA;NA;NA;NA;NA;NA;0
Weights;;0.2;0;0.2;0.2;0.4;;;;;;
79;Sat 1;0.0;0.0;1.0;0.0;0.9836033324480903;0.19672066648961806;0.3777506309849777;0.07555012619699554;0.0;0.0;0.2722707926866136
79;Sat 2;NA;NA;NA;NA;NA;NA;NA;NA;NA;NA;0
79;Sat 3;NA;NA;NA;NA;NA;NA;NA;NA;NA;NA;0
79;Sat 4;NA;NA;NA;NA;NA;NA;NA;NA;NA;NA;0
79;Sat 5;0.6363636363636364;0.1272727272727273;1.0;0.0;0.9836033324480903;0.19672066648961806;0.5197820473937395;0.1039564094787479;0.0;0.0;0.4279498032410933
79;Sat 6;NA;NA;NA;NA;NA;NA;NA;NA;NA;NA;0
79;Sat 7;NA;NA;NA;NA;NA;NA;NA;NA;NA;NA;0
79;Sat 8;NA;NA;NA;NA;NA;NA;NA;NA;NA;NA;0
Weights;;0.2;0;0.2;0.2;0.4;;;;;;
80;Sat 1;0.0;0.0;1.0;0.0;0.9836033324480903;0.19672066648961806;0.34849312669433863;0.06969862533886773;0.0;0.0;0.2664192918284858
80;Sat 2;NA;NA;NA;NA;NA;NA;NA;NA;NA;NA;0
80;Sat 3;NA;NA;NA;NA;NA;NA;NA;NA;NA;NA;0
80;Sat 4;NA;NA;NA;NA;NA;NA;NA;NA;NA;NA;0
80;Sat 5;0.5909090909090909;0.1181818181818182;1.0;0.0;0.9836033324480903;0.19672066648961806;0.5865757113260595;0.11731514226521189;0.0;0.0;0.4322176269366481
80;Sat 6;NA;NA;NA;NA;NA;NA;NA;NA;NA;NA;0
80;Sat 7;NA;NA;NA;NA;NA;NA;NA;NA;NA;NA;0
80;Sat 8;NA;NA;NA;NA;NA;NA;NA;NA;NA;NA;0
Weights;;0.2;0;0.2;0.2;0.4;;;;;;
81;Sat 1;0.0;0.0;1.0;0.0;0.9836033324480903;0.19672066648961806;0.32333444778059284;0.06466688955611857;0.0;0.0;0.2613875560457366
81;Sat 2;NA;NA;NA;NA;NA;NA;NA;NA;NA;NA;0
81;Sat 3;NA;NA;NA;NA;NA;NA;NA;NA;NA;NA;0
81;Sat 4;NA;NA;NA;NA;NA;NA;NA;NA;NA;NA;0
81;Sat 5;0.5454545454545454;0.10909090909090909;1.0;0.0;0.9836033324480903;0.19672066648961806;0.6670123163115583;0.13340246326231167;0.0;0.0;0.4392140388428388
81;Sat 6;NA;NA;NA;NA;NA;NA;NA;NA;NA;NA;0
81;Sat 7;NA;NA;NA;NA;NA;NA;NA;NA;NA;NA;0
81;Sat 8;NA;NA;NA;NA;NA;NA;NA;NA;NA;NA;0
Weights;;0.2;0;0.2;0.2;0.4;;;;;;
82;Sat 1;NA;NA;NA;NA;NA;NA;NA;NA;NA;NA;0
82;Sat 2;NA;NA;NA;NA;NA;NA;NA;NA;NA;NA;0
82;Sat 3;NA;NA;NA;NA;NA;NA;NA;NA;NA;NA;0
82;Sat 4;NA;NA;NA;NA;NA;NA;NA;NA;NA;NA;0
82;Sat 5;0.5;0.1;1.0;0.0;0.9836033324480903;0.19672066648961806;0.7609192452160687;0.15218384904321375;0.4666666666666667;0.18666666666666668;0.6355711821994985
82;Sat 6;NA;NA;NA;NA;NA;NA;NA;NA;NA;NA;0
82;Sat 7;NA;NA;NA;NA;NA;NA;NA;NA;NA;NA;0
82;Sat 8;NA;NA;NA;NA;NA;NA;NA;NA;NA;NA;0
Weights;;0.2;0;0.2;0.2;0.4;;;;;;
83;Sat 1;NA;NA;NA;NA;NA;NA;NA;NA;NA;NA;0
83;Sat 2;NA;NA;NA;NA;NA;NA;NA;NA;NA;NA;0
83;Sat 3;NA;NA;NA;NA;NA;NA;NA;NA;NA;NA;0
83;Sat 4;NA;NA;NA;NA;NA;NA;NA;NA;NA;NA;0
83;Sat 5;0.45454545454545453;0.09090909090909091;1.0;0.0;0.9836033324480903;0.19672066648961806;0.8621196822998755;0.1724239364599751;0.4;0.16000000000000003;0.6200536938586841
83;Sat 6;NA;NA;NA;NA;NA;NA;NA;NA;NA;NA;0
83;Sat 7;NA;NA;NA;NA;NA;NA;NA;NA;NA;NA;0
83;Sat 8;NA;NA;NA;NA;NA;NA;NA;NA;NA;NA;0
Weights;;0.2;0;0.2;0.2;0.4;;;;;;
84;Sat 1;NA;NA;NA;NA;NA;NA;NA;NA;NA;NA;0
84;Sat 2;NA;NA;NA;NA;NA;NA;NA;NA;NA;NA;0
84;Sat 3;NA;NA;NA;NA;NA;NA;NA;NA;NA;NA;0
84;Sat 4;NA;NA;NA;NA;NA;NA;NA;NA;NA;NA;0
84;Sat 5;0.4090909090909091;0.08181818181818183;1.0;0.0;0.9836033324480903;0.19672066648961806;0.9521459653266473;0.19042919306532946;0.3333333333333333;0.13333333333333333;0.6023013747064627
84;Sat 6;NA;NA;NA;NA;NA;NA;NA;NA;NA;NA;0
84;Sat 7;NA;NA;NA;NA;NA;NA;NA;NA;NA;NA;0
84;Sat 8;NA;NA;NA;NA;NA;NA;NA;NA;NA;NA;0
Weights;;0.2;0;0.2;0.2;0.4;;;;;;
85;Sat 1;NA;NA;NA;NA;NA;NA;NA;NA;NA;NA;0
85;Sat 2;NA;NA;NA;NA;NA;NA;NA;NA;NA;NA;0
85;Sat 3;NA;NA;NA;NA;NA;NA;NA;NA;NA;NA;0
85;Sat 4;NA;NA;NA;NA;NA;NA;NA;NA;NA;NA;0
85;Sat 5;0.36363636363636365;0.07272727272727274;1.0;0.0;0.9836033324480903;0.19672066648961806;1.0;0.2;0.26666666666666666;0.10666666666666667;0.5761146058835575
85;Sat 6;NA;NA;NA;NA;NA;NA;NA;NA;NA;NA;0
85;Sat 7;NA;NA;NA;NA;NA;NA;NA;NA;NA;NA;0
85;Sat 8;NA;NA;NA;NA;NA;NA;NA;NA;NA;NA;0
Weights;;0.2;0;0.2;0.2;0.4;;;;;;
86;Sat 1;NA;NA;NA;NA;NA;NA;NA;NA;NA;NA;0
86;Sat 2;NA;NA;NA;NA;NA;NA;NA;NA;NA;NA;0
86;Sat 3;NA;NA;NA;NA;NA;NA;NA;NA;NA;NA;0
86;Sat 4;NA;NA;NA;NA;NA;NA;NA;NA;NA;NA;0
86;Sat 5;0.3181818181818182;0.06363636363636364;1.0;0.0;0.9836033324480903;0.19672066648961806;0.9820255923777518;0.19640511847555037;0.2;0.08000000000000002;0.5367621486015322
86;Sat 6;NA;NA;NA;NA;NA;NA;NA;NA;NA;NA;0
86;Sat 7;NA;NA;NA;NA;NA;NA;NA;NA;NA;NA;0
86;Sat 8;NA;NA;NA;NA;NA;NA;NA;NA;NA;NA;0
Weights;;0.2;0;0.2;0.2;0.4;;;;;;
87;Sat 1;NA;NA;NA;NA;NA;NA;NA;NA;NA;NA;0
87;Sat 2;NA;NA;NA;NA;NA;NA;NA;NA;NA;NA;0
87;Sat 3;NA;NA;NA;NA;NA;NA;NA;NA;NA;NA;0
87;Sat 4;NA;NA;NA;NA;NA;NA;NA;NA;NA;NA;0
87;Sat 5;0.2727272727272727;0.05454545454545454;1.0;0.0;0.9836033324480903;0.19672066648961806;0.9075269494628547;0.18150538989257095;0.13333333333333333;0.05333333333333334;0.4861048442609769
87;Sat 6;NA;NA;NA;NA;NA;NA;NA;NA;NA;NA;0
87;Sat 7;NA;NA;NA;NA;NA;NA;NA;NA;NA;NA;0
87;Sat 8;NA;NA;NA;NA;NA;NA;NA;NA;NA;NA;0
Weights;;0.2;0;0.2;0.2;0.4;;;;;;
88;Sat 1;NA;NA;NA;NA;NA;NA;NA;NA;NA;NA;0
88;Sat 2;NA;NA;NA;NA;NA;NA;NA;NA;NA;NA;0
88;Sat 3;NA;NA;NA;NA;NA;NA;NA;NA;NA;NA;0
88;Sat 4;NA;NA;NA;NA;NA;NA;NA;NA;NA;NA;0
88;Sat 5;0.22727272727272727;0.045454545454545456;1.0;0.0;0.9836033324480903;0.19672066648961806;0.8098055732852066;0.16196111465704133;0.06666666666666667;0.02666666666666667;0.4308029932678715
88;Sat 6;NA;NA;NA;NA;NA;NA;NA;NA;NA;NA;0
88;Sat 7;NA;NA;NA;NA;NA;NA;NA;NA;NA;NA;0
88;Sat 8;NA;NA;NA;NA;NA;NA;NA;NA;NA;NA;0
Weights;;0.2;0;0.2;0.2;0.4;;;;;;
89;Sat 1;NA;NA;NA;NA;NA;NA;NA;NA;NA;NA;0
89;Sat 2;NA;NA;NA;NA;NA;NA;NA;NA;NA;NA;0
89;Sat 3;NA;NA;NA;NA;NA;NA;NA;NA;NA;NA;0
89;Sat 4;NA;NA;NA;NA;NA;NA;NA;NA;NA;NA;0
89;Sat 5;0.18181818181818182;0.03636363636363637;1.0;0.0;0.9836033324480903;0.19672066648961806;0.7100138405040973;0.14200276810081947;0.06666666666666667;0.02666666666666667;0.40175373762074057
89;Sat 6;NA;NA;NA;NA;NA;NA;NA;NA;NA;NA;0
89;Sat 7;NA;NA;NA;NA;NA;NA;NA;NA;NA;NA;0
89;Sat 8;NA;NA;NA;NA;NA;NA;NA;NA;NA;NA;0
Weights;;0.2;0;0.2;0.2;0.4;;;;;;
90;Sat 1;NA;NA;NA;NA;NA;NA;NA;NA;NA;NA;0
90;Sat 2;NA;NA;NA;NA;NA;NA;NA;NA;NA;NA;0
90;Sat 3;NA;NA;NA;NA;NA;NA;NA;NA;NA;NA;0
90;Sat 4;NA;NA;NA;NA;NA;NA;NA;NA;NA;NA;0
90;Sat 5;0.13636363636363635;0.02727272727272727;1.0;0.0;0.9836033324480903;0.19672066648961806;0.623542884253043;0.12470857685060861;0.0;0.0;0.34870197061295394
90;Sat 6;NA;NA;NA;NA;NA;NA;NA;NA;NA;NA;0
90;Sat 7;NA;NA;NA;NA;NA;NA;NA;NA;NA;NA;0
90;Sat 8;NA;NA;NA;NA;NA;NA;NA;NA;NA;NA;0
Weights;;0.2;0;0.2;0.2;0.4;;;;;;
91;Sat 1;NA;NA;NA;NA;NA;NA;NA;NA;NA;NA;0
91;Sat 2;NA;NA;NA;NA;NA;NA;NA;NA;NA;NA;0
91;Sat 3;NA;NA;NA;NA;NA;NA;NA;NA;NA;NA;0
91;Sat 4;0.0;0.0;1.0;0.0;0.9836033324480903;0.19672066648961806;0.7013105000742894;0.1402621000148579;NA;NA;0.33698276650447595
91;Sat 5;0.09090909090909091;0.018181818181818184;1.0;0.0;0.9836033324480903;0.19672066648961806;0.5514115253687137;0.11028230507374276;0.0;0.0;0.325184789745179
91;Sat 6;NA;NA;NA;NA;NA;NA;NA;NA;NA;NA;0
91;Sat 7;NA;NA;NA;NA;NA;NA;NA;NA;NA;NA;0
91;Sat 8;NA;NA;NA;NA;NA;NA;NA;NA;NA;NA;0
Weights;;0.2;0;0.2;0.2;0.4;;;;;;
92;Sat 1;NA;NA;NA;NA;NA;NA;NA;NA;NA;NA;0
92;Sat 2;NA;NA;NA;NA;NA;NA;NA;NA;NA;NA;0
92;Sat 3;NA;NA;NA;NA;NA;NA;NA;NA;NA;NA;0
92;Sat 4;0.0;0.0;1.0;0.0;0.9836033324480903;0.19672066648961806;0.758479716502335;0.151695943300467;NA;NA;0.34841660979008504
92;Sat 5;0.045454545454545456;0.009090909090909092;1.0;0.0;0.9836033324480903;0.19672066648961806;0.49224245361983937;0.09844849072396789;0.0;0.0;0.30426006630449504
92;Sat 6;NA;NA;NA;NA;NA;NA;NA;NA;NA;NA;0
92;Sat 7;NA;NA;NA;NA;NA;NA;NA;NA;NA;NA;0
92;Sat 8;NA;NA;NA;NA;NA;NA;NA;NA;NA;NA;0
Weights;;0.2;0;0.2;0.2;0.4;;;;;;
93;Sat 1;NA;NA;NA;NA;NA;NA;NA;NA;NA;NA;0
93;Sat 2;NA;NA;NA;NA;NA;NA;NA;NA;NA;NA;0
93;Sat 3;NA;NA;NA;NA;NA;NA;NA;NA;NA;NA;0
93;Sat 4;0.0;0.0;1.0;0.0;0.9836033324480903;0.19672066648961806;0.8258907250136375;0.1651781450027275;NA;NA;0.3618988114923456
93;Sat 5;0.0;0.0;1.0;0.0;0.9836033324480903;0.19672066648961806;0.4437278357535403;0.08874556715070807;0.0;0.0;0.28546623364032614
93;Sat 6;NA;NA;NA;NA;NA;NA;NA;NA;NA;NA;0
93;Sat 7;NA;NA;NA;NA;NA;NA;NA;NA;NA;NA;0
93;Sat 8;NA;NA;NA;NA;NA;NA;NA;NA;NA;NA;0
Weights;;0.2;0;0.2;0.2;0.4;;;;;;
94;Sat 1;NA;NA;NA;NA;NA;NA;NA;NA;NA;NA;0
94;Sat 2;NA;NA;NA;NA;NA;NA;NA;NA;NA;NA;0
94;Sat 3;NA;NA;NA;NA;NA;NA;NA;NA;NA;NA;0
94;Sat 4;0.0;0.0;1.0;0.0;0.9836033324480903;0.19672066648961806;0.9056607039117931;0.18113214078235862;NA;NA;0.3778528072719767
94;Sat 5;0.0;0.0;1.0;0.0;0.9836033324480903;0.19672066648961806;0.40349182227330543;0.0806983644546611;0.0;0.0;0.27741903094427917
94;Sat 6;NA;NA;NA;NA;NA;NA;NA;NA;NA;NA;0
94;Sat 7;NA;NA;NA;NA;NA;NA;NA;NA;NA;NA;0
94;Sat 8;NA;NA;NA;NA;NA;NA;NA;NA;NA;NA;0
Weights;;0.2;0;0.2;0.2;0.4;;;;;;
95;Sat 1;NA;NA;NA;NA;NA;NA;NA;NA;NA;NA;0
95;Sat 2;NA;NA;NA;NA;NA;NA;NA;NA;NA;NA;0
95;Sat 3;NA;NA;NA;NA;NA;NA;NA;NA;NA;NA;0
95;Sat 4;0.0;0.0;1.0;0.0;0.9836033324480903;0.19672066648961806;1.0;0.2;NA;NA;0.39672066648961807
95;Sat 5;0.0;0.0;1.0;0.0;0.9836033324480903;0.19672066648961806;0.36948090311416026;0.07389618062283206;0.0;0.0;0.2706168471124501
95;Sat 6;NA;NA;NA;NA;NA;NA;NA;NA;NA;NA;0
95;Sat 7;NA;NA;NA;NA;NA;NA;NA;NA;NA;NA;0
95;Sat 8;NA;NA;NA;NA;NA;NA;NA;NA;NA;NA;0
Weights;;0.2;0;0.2;0.2;0.4;;;;;;
